"longitude","latitude","precip"
-123.7,48.7,985.099581746712
-123.4,48.6,844.34259832905
-123.6,48.7,942.410804536127
-123.4,48.7,814.435483870968
-126.9,50.6,2041.59027484144
-125.4,50.3,2864.98664909082
-124.9,49.7,1127.90597567425
-124.9,50.1,1679.19348895635
-124.5,49.3,984.644443393699
-124,49.2,1108.93938672642
-127.4,50.7,2176.30164397518
-125.3,50,1641.59005817028
-128.4,50.8,3171.97797871082
-126.6,49.4,3195.80486154127
-125.1,48.7,2981.37399812971
-127.4,50.4,2478.71175991402
-127.7,50.5,2154.97568686308
-125.8,49.1,3086.91135821651
-125.5,49,3070.2013838983
-123.2,49.6,2203.66954838078
-124.6,49.9,1529.81305039344
-124.3,49.8,1903.03504149875
-131,51.9,2355.37919057687
-133.1,54.3,3155.94843089817
-132.1,54,2494.89143879927
-131.8,53.3,1703.19737427063
-131.9,53.5,1912.81527619048
-126.6,52.4,1860.50659899106
-128.1,52.2,4076.06315262928
-129.7,54,3735.69439412993
-127.9,53.6,2094.97932477072
-128.7,52.3,3931.87048146098
-130.4,54.3,4191.86297460317
-130,55.9,2791.11887980959
-128.6,54.5,1757.77863210935
-127.7,55.2,1586.24649470653
-129,55.2,1990.96526433922
-127.2,54.8,1486.1937749526
-123.1,51.7,1509.71816185559
-126,53.8,1379.99235978449
-122.7,50.3,1289.33602408215
-124.4,51.7,1069.58907364937
-121.5,53.1,2912.10423746009
-124.3,54.5,1562.72157543762
-122.7,53.9,2015.96849124757
-122.5,53,1935.35152084757
-122.1,52.2,1660.63733022745
-121.8,49.3,2149.27586399239
-122.9,49.3,2073.2495215311
-121.6,49.3,2440.74926844402
-123,49.4,3724.35467790173
-122.4,49.2,2989.66771100509
-123.2,49.2,1334.26564511808
-121.9,50.7,850.603893468461
-121.6,50.3,633.496418851168
-122.2,50.7,914.726412962844
-120.1,49.3,1207.11917330038
-119.1,49.8,1752.77494286829
-119.6,49.8,1029.15662361758
-120.8,50.1,791.481543317493
-119.4,50,1069.1112901732
-119.6,49.2,865.884502996384
-119.4,49,802.496958304853
-119.6,49.5,993.168006345849
-120.5,49.5,906.508971380117
-119.3,50.3,1240.28478671335
-119.1,49.5,1344.45951763069
-118.5,49,1280.72581438986
-116.5,49.1,1400.33420836574
-118.1,49.4,1423.70237434474
-118.1,49.9,1906.921430732
-116.9,49.9,1758.25623616345
-117.2,49.6,1798.56697731992
-117.4,50,1919.0656752008
-117.8,49.1,1549.70317718712
-115.8,49.6,1247.15528245635
-115.1,49.5,2271.70085585754
-115.1,49.1,1987.71633864653
-115.6,49.8,1550.63683055359
-119.2,50.5,1322.66752277935
-119.3,52.1,2758.49564198935
-119.4,51,1633.8634394257
-120.2,51.3,1474.13609904463
-120.4,50.7,960.758064516129
-118.8,50.4,1790.96053314308
-119.2,50.7,1448.3850896221
-119.8,51.6,1500.12234267583
-119.8,50.5,1199.07369719911
-116.3,50.8,1561.13300081419
-117.5,51.3,2738.97295707838
-117,51.3,1362.64521176554
-118.6,52,2320.53650828248
-118.2,51,2044.99384807587
-120.2,55.8,2196.50126304858
-120.7,56.2,2137.86444382699
-124.7,55.8,1751.36408711336
-113.8,53.3,2618.61919278698
-112.8,53,2318.02655298544
-111.4,52.1,1910.30969600058
-113.6,53.3,2531.83870967742
-111.1,53.9,2247.99831081081
-111.7,53.4,2497.88154415653
-114.9,52.4,2890.8972048589
-114.1,53.9,2600.92576385644
-112.7,52.3,2488.35174303577
-112.9,51.5,1841.21985853876
-111.2,50.7,1666.86562572171
-113.8,52.5,2448.41963536737
-114.1,51.8,2560.25885327049
-111.3,51.6,1935.85335203545
-114,51.1,2312.40322580645
-113.4,49,1821.18483343074
-113.7,49.9,1999.12933325512
-113.1,50.9,1750.37056807833
-112.8,49.6,1743.52394721462
-110.7,50,1575.05644735023
-113.6,49.1,2271.33030109009
-114,49.5,2016.02890236756
-112.1,50,1424.30442211055
-110.5,49.1,1324.18691827107
-115.6,51.2,1814.14685409271
-114.5,49.6,1742.35301243621
-114.4,50.5,2275.88975043853
-118,52.9,1747.49917207999
-113.3,54.7,2385.47866208355
-114.7,54.1,2526.665943945
-116.4,53.6,2841.18037086478
-116.3,55.4,2186.23688885823
-111.2,56.7,2286.16327786151
-114.8,55.3,2447.28732137929
-115.8,54.2,2947.33888933795
-117.5,53.4,2482.37965701593
-119.4,55.2,2071.86532846634
-118.5,56.1,2068.33067973056
-118.9,55.2,2161.72699867729
-117.4,56.2,1848.77301379315
-113.8,56,2326.03945433412
-110.3,54.4,2348.75025420299
-102.3,50.9,2079.35816627981
-104.7,49.4,1853.22919735784
-101.8,51.5,2161.46786998202
-106,51.3,1860.28540372671
-103,49.2,2044.45703331571
-103.7,50.5,1970.89628365994
-103.8,51.3,2173.71003414439
-102.1,49.6,2156.9157412626
-105.6,50.3,1964.65363650053
-101.7,50.1,2394.58684766214
-103.9,52,2192.39832858886
-104.7,50.4,1909.93138830789
-104.2,49.8,1939.88807780176
-102.2,51.2,2157.07104571383
-107.3,49.7,1626.29322398838
-106.7,50.5,1806.03471595202
-107.9,51,1589.9066429743
-108.9,49.7,1670.72733822876
-107.7,50.3,1793.68228120179
-109.5,50.9,1665.35742069707
-107.8,49.4,1522.274691432
-106.4,49,1709.51300782244
-109.2,51.5,1716.0536544745
-108.3,52.8,1985.28535261958
-108.8,52.4,1851.74396585713
-109.4,53.1,2279.85247244153
-104.6,52.8,1990.85873142822
-107.1,51.5,1661.27850329924
-105.2,52.4,2065.01189681676
-105.7,53.2,2168.31467894045
-106.7,52.2,1741.28130671506
-108.4,55.8,2226.39763706245
-102.3,55.5,2307.03531385921
-105.3,55.2,2439.92441860465
-109.1,54,2197.79996873331
-106.1,53.9,2182.60156317453
-103.2,56.2,2298.78087215
-104,53.3,2127.99077217724
-102.6,52.9,2313.97222543959
-101.9,52.1,2452.90560103948
-101.1,50.4,2402.22777175811
-100,49.9,2252.40134649576
-99.1,49.5,2473.20029136047
-101.3,49.2,2066.68871532279
-98.3,50,2385.40137477025
-97.2,49,2634.73980557256
-98.1,49.2,2387.31553948168
-99.7,49.4,2373.63916682702
-95.6,49,2883.03377080172
-96.8,49.5,2601.47542768671
-97.2,49.9,2518.01692969955
-97.1,50.9,2343.66722796399
-97,52.3,2015.29015778583
-95.7,51,2506.78793160321
-97,50.6,2274.44705956588
-99.3,53.2,2273.91163668719
-96,50.5,2268.60982091478
-95.2,49.6,2796.21995420123
-96.1,50.2,2524.39104428734
-100.1,51.1,2310.93811637831
-98.8,50.4,2195.13969237029
-99.6,50.2,2328.82164568062
-101.2,52,2390.09918289953
-101.9,54.8,2188.92956884787
-101.1,54,2122.51885245902
-94.7,56.3,2231.93240922473
-101.1,56.9,2283.85721350231
-97.9,55.8,2473.38519163763
-97.8,54,2321.98944729809
-89.9,53.8,2635.58222591362
-87.9,52.2,3033.47446018893
-90.2,51.5,2852.82309619712
-93.8,51.1,2908.66059372709
-91.6,48.8,2923.59353530295
-93.4,48.7,3090.57342675833
-92.6,48.8,3157.46413794837
-92.8,49.8,3121.32450482478
-94.4,49.8,2984.71597202927
-91.9,50.1,3039.59763360193
-89.1,50.3,2980.46014652155
-88.3,49.2,2800.68312399152
-86.9,49.8,2761.85707875983
-87.1,48.8,2824.16730718803
-89.5,48.2,2618.54664765382
-84.8,49.2,2403.68864171389
-84.5,46.5,2424.94099671959
-84.8,48,2762.73318989545
-82.1,47.3,2635.55526868582
-83.3,47.8,2630.20180316572
-80.8,46.6,2606.44666835386
-79.8,47.7,2634.74419191919
-80.7,48.8,2798.30327771471
-82.5,49.4,2843.83338427341
-80.7,51.3,2672.58847046963
-82.2,50.1,2680.58221554117
-81.4,48.6,2820.20411255411
-78,45.5,2629.91652611311
-79.4,46.4,3092.03291655089
-82.6,45.9,2039.34841437632
-75.7,44.6,2682.95513420808
-74.8,45,2781.82992208599
-76.6,44.6,2303.14111585552
-76.5,44.3,2237.66586894932
-75.2,44.9,2765.53342479421
-75.7,45.4,2761.95161290323
-79.4,45.1,2774.34888977455
-79.4,44.6,2685.23174008837
-80.9,44.6,2502.89575487694
-81.1,44.8,2383.7220253834
-81.5,44,2607.43360536036
-81.5,45.2,1998.71009569637
-83.1,42.1,2543.09711792702
-82.7,41.8,2658.6199723389
-81.9,42.5,2448.06259373639
-79.4,43.2,2392.16671262971
-82.4,42.6,2398.43417843801
-79.3,43,2540.8036504511
-82.9,42.3,2647.24193548387
-81.2,43,2541.65833211958
-80.8,43.1,2723.59390411505
-77.4,44.2,2197.39123319696
-80,43.3,2561.21479802076
-80.1,43.9,2593.75901471507
-79.4,43.7,2248.49944802371
-78.5,45,2760.50752255915
-78.4,44.2,2289.86981391074
-71.7,46.7,3641.11228472413
-73.4,46,2938.89721111876
-74.1,45.3,2815.21534840759
-73.3,46.3,3078.82162295712
-72.8,46.6,3260.25716550737
-72.6,45.2,3825.98224616739
-72.5,45.9,3264.59600669311
-71.1,46.8,3527.2753366004
-71.8,45.4,3359.01276595745
-73.8,45.5,2855.66129032258
-72.6,46.2,2848.14899172165
-70.7,46.2,3483.55141632642
-70.9,45.8,3805.9256236461
-73.1,46,2961.239504712
-71.3,46.1,4121.39188440256
-74.6,46,3407.98568727467
-75.8,45.5,2814.51382448786
-75.6,46.6,3331.34574238342
-75.1,46.4,3281.41836525574
-74.8,45.7,3048.16963715782
-74.1,45.8,2984.5616590291
-77.3,46,2736.50814044151
-76.1,46.1,3011.85389204148
-69.6,49.3,2990.32458738556
-70.2,47.7,2717.50369381707
-68.4,49.1,2715.83112974762
-61.8,50.2,3043.36973126827
-66.3,50.2,3080.14789123196
-69.7,48.2,3094.2531387546
-59.3,50.7,3481.47756356989
-70.5,46.8,3734.2625583666
-67.2,48.4,3315.09787714894
-64.5,48.8,2906.64322914295
-65.2,49.2,2406.31306168203
-70,47.3,2712.36138884681
-68.2,48.6,2529.60753588517
-68.5,48.5,2572.96170266925
-66.6,49,3154.67038621647
-69.8,47,3496.34543453946
-68.6,47.6,3124.82258840716
-68.5,48.1,3105.45214040107
-61.8,47.4,2299.07946298984
-71,48.3,3207.27419354839
-72.5,48.8,2946.15841197265
-72.3,48.5,3020.5207579142
-72.8,47.4,3298.39264212358
-74.6,47.9,3765.28668104557
-79.2,47.5,3147.13737280296
-79.1,46.7,2998.58735415965
-78.7,47.4,3268.46253097427
-79.4,47.3,2818.43020351925
-74.8,49.8,3613.62865271526
-79.2,48.8,2889.39140676529
-77,49,3282.38765112545
-77.8,49.8,3345.24910366084
-77.3,48.3,3513.46849958212
-77.8,48,3066.03744146772
-78.3,48.8,3228.26487984684
-77.8,55.3,2492.17270934276
-66.8,54.8,2865.57716701903
-67.7,46.8,3067.87403486915
-65.8,47.6,2850.8829121255
-66.3,48,2975.52035690634
-65.5,47,2855.26237125818
-66.2,46.5,2895.9361877466
-66.5,45.9,2749.70076201188
-67.3,47.7,3271.69369470445
-64.7,46.1,2831.17741935484
-65.8,47.4,2734.57455242241
-64.9,46.7,2710.26297249949
-65.9,45.3,3037.53913862219
-65.5,45.7,2591.3903982631
-67.6,46.2,2807.80846474079
-68.2,47.3,3230.7678279422
-65.5,44.8,2516.69177021818
-65.6,44.6,2617.56160307093
-62,45.5,2903.93247501113
-61.2,45.2,3253.85703263393
-64.9,45,2589.0298519302
-63.5,44.9,3205.95373100233
-64.9,44.1,2802.76465209478
-63.8,44.9,3026.80149321267
-64.3,45.8,2634.23330914369
-64.3,45.4,2904.9996243022
-60,43.9,3301.71048305514
-63.9,44.7,2861.8702167784
-64.8,44.7,3020.38013468013
-60,46.2,2894.02904522005
-63.3,45.4,2691.39725875041
-63,45.2,2894.92393691016
-66.4,44.3,2601.60051781459
-64.4,45,2491.62693096377
-60.5,46.5,3220.37115415485
-66.1,43.8,2793.58499866059
-63.1,46.3,2798.00237633753
-62.5,46.5,2587.85793707589
-63.8,46.4,2650.98743673712
-55.8,48,3609.4498870863
-57.6,47.6,4418.83003952569
-58,49,2820.74242235481
-57.6,50.2,3384.85965427609
-57.4,49.2,2845.48782080311
-56.6,48.8,2935.39830654354
-54.6,49,2878.97459016393
-59,47.6,3633.90050505051
-53.7,47.1,3426.31978615209
-56.9,51.1,3332.22075719444
-52.8,47.6,3031.67380512085
-56.1,49.5,2899.77794314309
-58.5,48.5,3411.44689416651
-55.4,47,3795.52185133313
-56.1,51.4,3134.40524024748
-57,53.7,2896.16737176097
-60.4,53.3,3279.29317402982
-55.8,52.3,2741.45845410628
-61.7,56.5,2365.16721722445
-59.2,55.1,2735.37460685269
-66.9,52.9,3139.29905094237
-64,53.5,3206.79813585616
-81.75,24.55,3403.01490088859
-80.44,25.59,6837.27977436918
-81.39,25.86,6580.21226588322
-80.2,26.11,5972.68511353326
-80.64,26.65,5609.88437891305
-81.54,29.75,4975.57962168256
-81.47,30.65,4426.20207936121
-81.5,31.17,4688.28681244364
-81.2,32.14,4831.9646560608
-80.77,32.39,4830.11675216699
-80.85,32.69,4965.88296041308
-79.94,32.79,4363.09086937908
-80.19,32.99,4790.01637723039
-82.75,28.15,5679.65167464115
-82.27,28.34,5956.49273752563
-82.32,28.74,6009.66911726275
-82.09,29.2,5330.92976760082
-82.6,30.19,5385.59766842716
-82.32,31.25,4635.22561718328
-84.37,30.39,5885.29354066986
-84.66,30.8,4449.36453500371
-84.79,33.44,3368.50524903806
-84.95,31.36,3863.32092749634
-83.54,31.5,3518.78619032176
-84.14,31.54,3528.55947968341
-83.2,32.21,3626.68947368421
-83.47,32.27,3014.83104924351
-83.25,33.09,3173.62399680856
-81.97,32.87,3530.02228633674
-81.32,33.37,3773.88230769231
-82.66,33.42,3089.58908065619
-81.69,33.61,3905.80506028431
-83.87,33.61,3243.24017288138
-85.04,29.74,4998.83062610042
-88.49,30.4,5092.27171717172
-87.89,30.55,5444.21471291866
-84.55,32.69,3139.56666666667
-85.19,32.87,3321.41317614797
-85.95,31.79,3870.07351191513
-86.32,31.95,3594.03077580314
-85.75,32.02,3814.0897287145
-87,32.42,3243.29027682843
-84.02,34.55,3784.82831051148
-86.1,33.44,3321.63598769651
-87.59,32.71,3151.86318428148
-87.62,33.24,3166.89749735243
-90.74,29.59,5461.08074162679
-90.79,29.77,5958.57349785408
-91.55,29.82,5856.92259327499
-90.14,29.92,5119.12624743677
-91.04,30.07,4888.96490088858
-91.14,30.54,4186.57976760082
-89.39,30.3,4501.41437669918
-90.12,30.54,4638.710602307
-90.54,30.7,4479.47173615858
-89.55,30.86,4140.92466860836
-89.84,31.25,3931.06440533151
-89.3,31.32,3941.7638059601
-89.12,31.69,3605.12730690362
-88.67,31.69,3631.87547026995
-87.74,31.92,3837.53710715984
-88.14,32.84,2937.95354349339
-89.07,33.14,3408.61701952013
-90.45,31.55,3588.36744702666
-90.1,31.55,3609.36762161559
-91.24,31.95,2797.57326571003
-91,31.97,2978.43139097745
-90.37,31.97,3578.14116161616
-89.49,32.32,3730.12883552506
-90.04,32.61,2841.77916910047
-90.39,32.91,2935.1300612551
-89.6,33.05,3108.55836484842
-91.02,33.39,2628.41514717435
-90.52,33.46,2910.92325700615
-92.67,30.2,4150.56549897471
-94.8,30.05,3801.33456124796
-96.41,30.17,2391.0217874231
-94.35,32.54,2609.36367053999
-93.69,32.91,2872.10153263497
-97.82,32.77,2076.19383116883
-98.87,26.39,1437.26488696489
-97.5,27.77,2119.59417293233
-98.14,27.24,1870.83278709317
-98.07,27.74,1901.32322546292
-97.7,28.45,2269.29744526941
-98.47,29.54,2134.82585440875
-99.42,28.04,1548.46169811508
-98.12,29.74,2167.99459983832
-98.72,29.8,2453.53855092276
-98.42,30.11,2201.71179084074
-97.66,29.67,1965.96594326726
-97.12,29.67,2196.63390293917
-98.69,30.75,1754.33111756664
-96.24,29.05,2964.13360346777
-96.95,29.47,2296.82592276145
-96.49,31.69,1904.7123262785
-98.19,31.05,2015.22409968935
-97.32,31.09,1832.8971140764
-96.12,33.16,2220.77116845405
-97.07,33.64,2310.80593842587
-96.39,34.02,2798.66339975519
-99,31.72,1965.6398151895
-98.34,32.11,2202.66528300051
-99.64,28.34,1518.22409452975
-100.49,28.7,1705.16191045796
-104.24,32.42,1264.00982570062
-99.99,31.74,1709.3287593985
-103.67,30.37,2033.36279209152
-103.75,30.99,1251.7133250616
-103.5,31.42,1032.31425339366
-102.2,31.14,1146.46558259468
-102.67,32.72,1639.63161312372
-99.29,32.74,2040.61033259296
-99.75,33.17,2032.95425495557
-101.25,33.66,1986.16114718615
-101.7,34.19,1975.52840054682
-104.54,33.3,1338.78675666439
-106.75,32.29,1051.78607313739
-106.41,31.8,976.696616541354
-108.16,32.8,1788.85820232399
-107.19,33.16,1090.52161110527
-108.94,33.84,1791.71160287081
-109.54,31.36,1847.49402741379
-110.05,31.7,1682.97601010101
-110.95,32.24,1120.61565656566
-109.69,32.82,885.606237183869
-111.75,33.07,646.462669831625
-112.59,33.39,490.8691205909
-110.89,33.41,1327.670898838
-111.8,33.42,506.951395498592
-111.16,33.67,936.709047619048
-112.74,33.99,848.243010936432
-114.66,32.62,214.674535481621
-114.6,33.62,222.298067771881
-115.55,32.96,104.37329989236
-117.19,34.05,90.3868686868687
-118.16,34.16,86.4181476418319
-117.1,32.61,37.5773918342474
-116.59,32.99,342.081842692917
-117.89,33.61,32.8457108680793
-117.79,33.74,41.4859820924907
-79.89,34.71,3739.18737183869
-75.55,35.27,4106.40283663705
-76.74,34.74,4718.9718975469
-78.35,35.52,3827.58094668489
-77.95,35.71,3768.48412508544
-77.54,35.89,3604.7809674095
-79.1,35.92,3293.67655502392
-78.32,36.11,3485.25138414217
-78.42,36.37,3366.86059940995
-76.2,36.91,3711.17289815448
-76.2,36.32,3885.5207977275
-77.54,35.22,4266.08016062885
-81.77,33.99,3356.52749487355
-81.02,33.99,3759.29045018879
-81.42,34.21,3386.18979835953
-81.62,34.29,3175.58086434574
-81.09,34.37,3293.66891660971
-82.72,33.72,3099.67590793651
-82.59,34.09,3183.41287114589
-83.85,34.3,3291.21652426521
-83.32,34.59,3842.34866712235
-82.22,34.91,3376.31279904306
-82.2,34.17,2927.34155844156
-82.04,34.51,2893.38464503295
-82.67,34.54,3156.42458058718
-81.52,34.64,3076.62747778537
-82.82,34.69,3352.21098769651
-83.09,34.76,3982.16290157211
-81.04,34.94,3228.23287764867
-80.5,34.97,3684.81050922761
-80.19,35.37,3612.09524528973
-80.89,35.82,3109.23632946001
-81.54,35.92,3092.60545112782
-83.19,35.05,5014.06809444557
-82.45,35.34,4058.11741285031
-82.97,35.49,3188.95070061517
-82,35.69,3678.52623756853
-81.69,35.76,3286.69803485988
-82.67,35.8,3009.59355775803
-80.49,35.69,2887.69180952381
-79.7,36.39,3055.51831852358
-80.62,36.52,3444.05541695147
-79.39,36.59,2989.25773569764
-80.42,37.19,2920.5218389314
-85.16,34.26,3611.12968246812
-85.62,34.57,3438.95521189337
-87.62,34.76,3106.79831409755
-87.77,35.3,3473.4909241667
-84.39,35.01,3774.62829173427
-85.8,35.69,3172.15345181135
-83.2,35.99,3080.63239917977
-85.14,36.02,3482.44200273411
-82.99,36.42,2881.0949769513
-83.74,36.61,3466.87195121951
-84.17,36.74,3236.42223684328
-83.05,36.76,3278.78745918021
-86.8,35.46,3076.53510234075
-86.37,35.92,3365.81652426521
-87.39,36.07,3082.65039302802
-86.44,36.97,3021.86120294855
-90.97,36.27,2477.70516062884
-90.59,36.41,2609.88535543404
-90.82,36.59,2710.66040669856
-88.57,34.67,3095.70434039645
-88.52,34.92,2996.10963509424
-90.57,34.21,2728.64092812057
-89.99,34.3,2965.85952410731
-89.44,34.82,3090.05934723172
-90,34.84,2903.58493831676
-89.67,35.57,2799.17799043062
-88.84,35.62,3066.79701870434
-91.27,33.8,2495.9051264525
-92.02,34.22,2634.53573768421
-91.19,34.89,2449.26292054402
-92.47,35.09,2468.00620300752
-91.29,35.61,2664.98133465247
-95.52,34.01,2643.52707507085
-95.64,34.26,2662.8966248974
-94.27,34.57,3108.31185919344
-94.62,35.05,2663.65000393536
-94.17,36.11,2903.58644728265
-94.45,36.44,2859.86879699248
-91.54,36.49,2487.78606820875
-93.66,35.3,2805.9532125769
-93.82,35.49,2587.59735987382
-98,34.17,2092.38661995899
-99.69,34.26,1984.90748194062
-99.34,34.59,2192.24454349447
-99.44,34.84,2182.3005131126
-99.05,35.01,2099.91046201726
-99.8,35.21,2144.78287910552
-98.32,35.64,2171.72640123035
-97.91,35.86,2431.40277777778
-96.41,35.09,2616.48925449164
-96.99,35.51,2414.20901548135
-97.45,35.89,2695.89114056707
-98.45,34.62,2139.53675672298
-98.57,35.12,2322.95442475065
-95.59,36.32,2941.69131920711
-96.35,36.67,3134.26742424242
-96,36.76,2745.4987012987
-103.16,36.46,1943.90623790592
-104.59,36.37,1972.66228639781
-102.97,36.91,2052.79248170315
-102.25,35.54,2267.19471975393
-100.64,35.71,2204.52399179767
-108.02,32.22,1156.51536637521
-106.25,34.52,1561.11780224513
-106.75,34.77,912.002029868059
-105.2,35.54,2128.7860051718
-106.69,35.77,1729.51019963006
-114.22,34.22,218.238942147976
-114.62,34.77,249.54397283128
-114.02,35.21,674.958726996588
-111.6,36.87,538.75342979093
-112.54,37.05,770.372744360902
-112.99,37.22,764.266660970608
-112.49,37.44,956.854220779221
-111.6,37.77,746.445564590763
-109.97,33.84,1641.84123517473
-109.39,34.52,1136.06401230349
-110.17,34.91,730.313503044778
-111.7,34.36,1185.01590909091
-112.44,34.57,1663.92003401724
-112.19,35.26,1654.94650379489
-111.74,35.27,1617.70326721168
-112.89,35.32,1107.66382433356
-112.16,36.05,1163.32859268022
-118.44,34.71,58.0931305536569
-118.75,35.04,62.3834867113303
-119.34,35.61,36.4494949494949
-114.92,35.47,502.263431305537
-114.85,35.99,376.823828576212
-119.72,36.79,47.8201811346548
-119.04,36.39,49.6188482570062
-120.69,35.64,25.154311818458
-119.69,34.42,32.6582079309017
-119.24,34.46,37.9014677232558
-120.67,35.3,41.5264232859434
-77.3,37.3,3386.49894426413
-78.3,37.71,2917.58142515379
-75.69,38.22,3410.61831838468
-78.12,38.22,3175.40312713602
-78.47,38.91,2876.83041695147
-77.72,39.12,2993.24478150605
-77.99,39.41,2665.04465140123
-76.42,38.34,2877.16190860486
-76.07,38.57,3290.66901509191
-76.19,38.72,3180.45625427204
-77.45,38.32,2872.05992941461
-76.95,38.99,3059.2537009207
-75.8,38.89,3020.20468500845
-76.91,39.11,3266.34336415266
-76.07,39.22,3017.25763841422
-76.62,39.29,2824.65942028986
-76.87,39.34,2880.9226618705
-74.44,39.39,2850.86366923246
-74.35,39.61,3104.4597790637
-75.52,39.16,3254.06806220096
-75.74,39.67,3146.37214177979
-75.54,39.77,3237.11396103896
-74.79,39.8,3415.58617566644
-75.64,39.97,3298.51369912372
-74.97,39.97,3499.42495711835
-74.57,40.27,3357.36679767601
-74,40.27,3264.38440596954
-78.39,37.34,2952.92047163363
-79.44,37.79,2785.80034516233
-78.52,38.04,3393.96895078606
-79.04,38.16,2683.68619895561
-79.91,37.01,3233.20011671638
-79.84,38.01,2874.59463657368
-81.34,37.09,3207.88542378674
-81.55,37.37,2862.35856116901
-80.41,37.86,2776.40261384903
-81.92,38.54,3040.41660970608
-81.35,38.8,3386.93036828504
-81.12,39.22,3119.04593816058
-81.85,39.66,3149.50590382355
-78.94,38.46,2710.13661995899
-80.19,38.62,4545.13016110213
-80.82,38.94,3407.76833561176
-80.22,38.99,3409.10668188446
-79.67,39.11,3648.91641524193
-79.41,39.41,3535.11392630921
-80.5,39.54,3625.20083074412
-78.75,39.64,2607.46401230349
-84.62,38.66,3026.91515151515
-85.02,39.42,3127.918172091
-84.3,37.57,3362.864722684
-84.87,38.24,3072.3545292502
-85.2,38.21,3145.51531813191
-85.69,38.37,3046.08142075297
-86.49,38.55,2964.12834170942
-86.09,38.62,2934.89736786709
-85.5,37.26,3486.70884828296
-86.3,37.52,3102.30635680109
-82.29,37.67,3075.14507425624
-83.55,38.12,3470.36916780781
-82.62,38.46,3105.36315789474
-82.89,38.76,2920.07737525632
-82.99,39.12,2966.30647641832
-83.62,39.21,2928.84015721121
-82.95,39.62,2856.57098427888
-83.79,40.11,3153.08549213944
-83.07,40.29,3061.69068062171
-85.19,39.87,3240.21727994536
-84.66,40.11,2895.3240430622
-87.16,37.77,2747.68607609068
-87.89,37.96,2780.19593568564
-88.5,38.11,2673.2528173824
-88.87,38.36,2725.84806903623
-87.59,38.36,3028.5230861244
-87.19,38.67,3080.80837620988
-86.8,38.67,3143.17157740931
-88.07,38.71,2964.47079440569
-87.5,38.74,3114.81667882158
-87.62,39.01,2857.66894682015
-89.7,38.17,2957.12193975479
-91.14,38.82,2661.70532237441
-89.05,36.41,2931.44116541353
-89.24,37.47,2870.45611756664
-88.52,37.74,2978.57716493394
-89.2,37.99,2860.64159828422
-86.55,38.89,3213.03389336615
-86.52,39.17,3144.67366159947
-85.45,39.61,3072.0502734108
-86.85,39.64,3220.05005126453
-87.24,39.77,3282.72412468098
-85.75,39.79,3271.67617908407
-86.94,39.97,3113.46861517459
-86.35,40.01,2968.39036226931
-85.72,40.11,2927.2217190704
-89.49,39.16,2797.8851996257
-89.87,39.29,2777.43424496298
-89.09,39.39,3032.78346124686
-93.79,36.42,2949.86342017463
-94.37,36.87,3134.37537593985
-93.95,37.39,3200.49335269993
-94.27,37.51,3425.81765208476
-94.04,38.21,3320.1230861244
-92.19,38.59,2933.14674993821
-91.91,39.17,3045.39536964698
-92.44,39.41,3288.5866314173
-93.77,38.41,3165.27589356563
-94.77,38.89,3457.82442279942
-94.34,38.89,3630.8293062201
-94.94,39.32,3493.65322884181
-95.12,39.57,3488.92554740144
-95.52,39.67,3525.08537252222
-94.69,40.26,3451.95800519218
-96.84,37.82,3432.53754315305
-100.54,36.82,2421.26602478225
-99.77,37.21,2275.18274094327
-99.97,38.26,2108.38177681681
-100.91,38.49,2019.06431989064
-99.34,38.87,2497.93024329382
-98.35,36.77,2731.55322230268
-98.09,37.16,2819.94894112174
-98.59,37.29,2481.91731584975
-96.59,39.21,3514.61819825744
-95.29,38.62,3383.90075757576
-96.1,38.86,3428.38981709539
-95.27,38.97,3525.980960737
-97.7,39.14,3019.9520068737
-102.09,36.36,1858.0954784467
-101.62,36.61,1884.1662025501
-102.49,36.74,2055.56889524048
-101.22,36.87,1997.41137426662
-100.92,37.05,2089.11727614491
-104.95,36.47,2066.54183185236
-105.41,36.71,1854.58039986329
-106.59,36.92,1526.55249595922
-105.95,37.17,808.134140819561
-106.35,37.67,1049.33793558277
-106.14,38.09,937.560475252254
-104.49,37.17,1691.64364381457
-103.7,38.04,1283.23396897162
-102.35,38.82,1940.90346320346
-101.8,39.77,1844.40652768284
-102.24,40.07,1980.18879217763
-105.24,38.42,1268.73352036301
-106.04,39.64,1197.65328012364
-105.27,40.01,1450.1539513138
-110.72,38.37,366.431647300068
-110.17,39.01,452.737612470093
-111.64,39.26,673.417634996583
-111.02,39.49,987.490970596609
-111.87,39.57,608.355505545956
-112.44,37.82,914.631322358732
-112.84,37.84,780.886901182602
-112.66,38.3,827.580534709193
-111.66,38.41,732.922010292243
-112.09,38.77,518.158638548777
-112.32,38.96,560.730841273781
-112.1,39.26,679.649373643792
-112.66,39.29,396.245215311005
-107.89,38.49,675.909757347915
-106.97,38.54,908.77674152699
-109.55,38.59,532.17215555319
-109.72,38.97,528.536760292882
-108.75,39.17,539.064396668848
-107.97,39.26,804.692277648721
-118.2,36.8,104.129797979798
-118.1,38.39,335.309205340755
-120.52,37.29,33.1491385411328
-119.59,37.76,342.159169494111
-121.77,38.54,62.0261619958989
-114.77,39.41,555.529750512645
-113.57,37.12,373.086476304571
-113.92,37.8,696.135750958319
-119.79,39.51,243.70044429255
-120.14,39.17,344.343318523582
-118.79,39.46,232.947575035425
-120.95,39.97,322.955965119748
-120.57,40.39,267.061648375172
-122.02,36.99,91.9002221462748
-121.29,38.12,59.9102326733788
-72.3,40.96,2754.42122351333
-73.1,40.97,2895.97313802293
-74.44,40.47,3361.48426179084
-74.41,40.61,3428.35415242652
-74.41,40.91,3300.44872178585
-74.44,41.04,3367.40738676883
-74.69,41.39,2910.68019081229
-73.97,40.79,3119.49586466165
-73.8,40.99,2862.65748833952
-73.8,41.27,3320.20124743678
-73.97,41.39,3209.73132597768
-74.17,41.55,3079.09281881717
-73.55,41.14,3077.75318171671
-73.94,41.52,3079.22207430234
-73.92,41.64,3125.14047872833
-74.16,41.77,3192.72125768968
-71.59,41.17,2256.35972515856
-72.05,41.36,2810.17948504182
-71.54,41.49,2844.66001367054
-71.44,41.74,2537.2475393028
-71.07,41.91,2752.07466641579
-72.25,41.8,3107.10316341675
-73.37,41.96,3178.00126452495
-73.41,42.19,3102.7665828266
-71.16,42.34,2867.79427284427
-75.91,41.02,3766.09461796257
-76.92,41.26,2914.23786739576
-76.87,40.77,2970.33547505127
-77.87,40.8,2831.14555707451
-77.27,41.71,2802.1572013935
-75.99,42.22,2722.99620642515
-76.42,41.76,2462.59705835079
-75.87,41.84,3015.98233082707
-76.8,42.11,2637.86110731374
-75.45,42.29,2894.27911961522
-76.45,42.46,2780.64939434523
-75.54,42.54,2827.54244815149
-76.19,42.61,2667.64508295626
-75.44,40.66,3115.38259387344
-75.94,40.42,2994.554101162
-74.89,40.57,3261.19978274526
-75.62,40.8,3287.06177445299
-75.09,40.84,3221.91693048882
-75.19,41.01,3135.219203742
-73.8,42.76,2661.96028708134
-73.69,42.76,2912.09133579009
-73.82,43.04,2913.82582442355
-74.35,43.05,3076.37563599201
-74.29,43.76,2744.21204742656
-76.12,43.12,2569.61151742994
-76.54,42.92,3009.18560400724
-76.5,43.47,2455.89649947753
-79.72,39.92,3127.05202070128
-81,40.27,3102.04610817294
-80.62,40.29,3147.65384615385
-78.92,40.34,3493.90576864995
-81.92,39.84,2940.26795967191
-81.87,40.26,3114.96912119435
-81.92,40.55,2918.47203206148
-80.91,40.72,2786.86479835954
-81.92,40.79,2984.28720095694
-78.02,42.3,3018.89188311688
-77.35,42.36,2475.35035306284
-77.72,42.57,2392.30564932021
-77.19,42.67,2390.5836163678
-77.62,42.79,2588.59814232357
-81.94,41.05,3000.05832194122
-82.62,41.27,2981.9482228298
-82.22,41.27,2769.6575036075
-80.37,41.02,2929.02084889862
-80.82,41.21,2815.31999316473
-81.16,41.3,2905.25271701982
-79.82,41.39,3442.89458838169
-80.37,41.42,3307.3518732655
-80.19,42.09,2930.63371496924
-78.75,41.42,3242.29482228298
-79.16,41.86,3397.27252221463
-78.74,42.94,2497.76520847573
-78.75,42.11,3310.85005126452
-79.3,42.46,2841.22683587234
-78.52,42.76,2724.33009163751
-78.66,43.19,2338.48741738936
-77.04,42.89,2473.5699419002
-78.19,42.99,2449.55879117875
-77.67,43.14,2336.60792891319
-77.94,43.21,2227.76798383121
-88.35,41.76,3078.50826908228
-88.17,39.49,2988.02677720602
-87.7,39.62,3126.25880041012
-88.24,40.11,3150.68325358852
-87.66,40.14,3110.82464114833
-87.67,40.47,3169.63289473684
-89.05,40.91,2756.57313315197
-85.67,40.57,3017.69816368628
-84.95,40.67,2968.457224653
-85.5,40.86,2872.49421101653
-84.99,41.64,3089.41828041198
-86.22,41.07,3069.35642515379
-85.84,41.57,2922.60155502392
-86.72,41.61,3227.8221870558
-86.29,42.41,2143.97621467041
-82.97,40.82,3067.00008544088
-83.29,40.84,2529.15709159262
-83.67,41.05,2911.49612098428
-83.17,41.12,2784.10133755628
-84.16,41.37,2590.62122661533
-84.16,41.52,2576.46360218729
-84.02,41.92,2558.3847994408
-84.64,41.94,2757.75408609882
-83.72,42.3,2549.86763493495
-85,41.96,2767.50762857143
-84.67,43.39,2363.08561175666
-93.72,40.26,3324.53135958014
-93,40.49,3407.16388503873
-94.3,40.69,3528.61758516412
-89.52,41.84,3227.13839712919
-88.6,42.26,2971.03085650263
-89.39,42.62,3028.95401572112
-90.97,40.59,3179.84367737526
-90.64,40.92,3191.51609706083
-91.55,40.96,3169.17822966507
-90.05,41.17,3130.07235459938
-90.74,41.24,3300.94588835429
-89.6,41.55,3056.40975145236
-91.95,41.04,3297.42049062049
-91.69,41.29,3333.99393369788
-92.27,41.91,3429.345898838
-92.79,41.07,3338.32504147812
-93.55,41.37,3071.21592904417
-89.99,42.11,3474.5783492823
-90.12,42.69,3274.32497809282
-92.59,41.99,3365.87899863295
-93.25,42.52,3395.39678897909
-91.8,42.86,3361.78733766234
-92.67,43.05,3534.04784688995
-92.32,43.07,4017.03535426383
-94.62,42.41,3208.11093643199
-94.2,42.51,3508.48670539986
-94.3,43.07,3204.34191729323
-93.64,43.29,3268.54374230382
-96.16,40.11,3296.22408097676
-96.22,40.37,3212.07162441183
-96.95,40.62,2799.95118738879
-96.19,40.67,3057.76773752563
-97.1,40.91,2740.84046479836
-97.12,41.27,2858.2554599573
-98.97,40.11,2507.46280487805
-98.52,40.11,2736.46192754614
-99.37,40.44,2751.41852358168
-98.95,40.52,2689.35423408846
-98.39,40.66,2813.40063226247
-97.6,40.87,2832.71320915926
-98.47,41.27,2587.11337307023
-98.97,41.29,2518.06734029029
-98.77,41.51,2566.19894053315
-95.79,41.64,3167.68439849624
-96.22,41.77,2705.85804853042
-95.75,40.37,3031.21497113997
-95.04,40.74,3450.93933445015
-96.16,40.87,3187.70393028025
-97.77,41.46,2812.05046138072
-97.99,41.67,2616.25606928822
-97.45,41.84,2902.36293574846
-96.87,42.27,2702.6016404648
-96.92,42.76,2466.75254492163
-96.17,42.79,2456.02071086808
-96.35,41.05,2931.78048530417
-102.64,41.16,2000.97093301435
-103.67,41.26,1856.21730076997
-100.5,40.67,2467.53860893022
-100.17,40.94,2473.9023850622
-99.69,41.42,2480.87872278758
-100.32,41.91,2383.59200404858
-104.82,41.16,1493.63004101162
-104.16,41.17,1728.74186150469
-105.69,41.32,1025.30888585099
-104.82,41.76,1395.08665630717
-103.1,41.67,1764.03660287081
-104.22,42.09,1326.82070935394
-102.91,42.11,1646.630636681
-103.89,42.69,1594.69254955571
-104.49,42.76,1324.34758941946
-100.25,42.07,2324.41329684939
-100.49,43.51,1969.62466160254
-106.85,42.47,685.934438040346
-106.29,43.41,955.658074972023
-111.6,40.09,784.367068463729
-111.91,40.37,564.420055145338
-111.42,40.51,710.453759398496
-112.3,40.54,797.293660287081
-111.5,40.55,834.925828411759
-111.66,41.04,684.003048434045
-112,41.16,676.013414634146
-111.95,41.26,845.025792514003
-110.95,41.27,717.67583696901
-111.16,41.54,662.841062884484
-112.12,41.55,723.164702410736
-111.8,41.76,777.256679361692
-111.32,41.82,723.367498291182
-112.29,42.17,799.897820096447
-113.89,42.24,669.504647983595
-111.74,42.59,920.590037429819
-112.84,42.96,479.431766917293
-113.62,43.92,817.186032604379
-111.45,44.07,905.670343305358
-114.04,40.74,263.571958796109
-115.79,40.84,408.503383458646
-114.97,41.12,470.300025411346
-117.8,40.91,318.219480519481
-117.09,39.51,531.765587480212
-118.47,40.19,263.202160064009
-116.89,40.62,370.746138072454
-117.49,40.96,324.456805108179
-120.17,41.54,349.159313055366
-123.2,39.16,139.517425023943
-122.3,39.52,122.936158578264
-121.82,39.71,164.749579520072
-122.2,39.76,162.161793650794
-122.3,40.51,309.938653451811
-122.94,40.74,302.740444887417
-122.32,41.32,458.243430091193
-124.17,40.8,290.544121667806
-123.79,39.51,269.240543465418
-123.54,41.3,346.200119617225
-122.64,41.72,478.54211546662
-123.37,41.8,350.631152687092
-124.25,42.04,865.027981729702
-121.79,42.21,408.774316871396
-122.72,42.22,463.911364692426
-123.35,42.44,340.276406251334
-121.1,42.44,643.546453546453
-122.52,42.74,609.227990430622
-122.14,42.91,991.34148678147
-123.35,42.96,401.822915242652
-121.2,43.39,581.556818495197
-72.29,43.71,2447.48024825705
-71.69,44.29,3218.33407781218
-70.95,43.16,2363.45305878332
-70.3,43.66,2360.09188311688
-67,44.92,2259.29079271229
-68.27,44.36,2403.14976076555
-67.41,45.16,2533.60825737237
-72.82,44.92,3283.13855913885
-71.29,45.09,3193.90240943267
-72.45,43.99,2736.09092436975
-72.02,44.42,2905.7376921786
-73.16,44.47,2855.13614149009
-73.22,43.96,2609.71336970406
-72.62,44.11,3117.05010979627
-74.44,44.24,3143.72285576472
-73.99,44.26,3062.70106376363
-73.47,44.66,2190.61438866496
-73.72,44.72,2943.71802802461
-74.22,44.76,3471.93153271849
-73.44,44.89,2577.04654551425
-70.16,44.69,2921.31758373206
-68.67,44.91,2463.30611590869
-68.7,45.66,2920.51277453285
-69.19,45.89,3081.6185334003
-85.6,42.29,2917.27881070026
-85.79,42.59,2834.48841471342
-86.35,43.69,2382.0532772758
-85.49,43.71,2466.13087116369
-84.19,43.04,2347.53589859373
-84.22,43.62,2180.80192451653
-84.77,43.59,2485.7730438565
-83.5,44.29,2318.42063511008
-87.77,42.71,2770.82955909004
-88.04,43.07,2699.43158314514
-88.74,43.19,3224.4427911798
-89.44,43.52,3162.83521872864
-89.54,44.12,3003.44729569557
-90.92,43.57,3171.96907856955
-90.74,44.41,3224.44743721078
-90.14,44.66,3125.00500683527
-93.42,43.62,3281.4942583732
-92.57,43.71,3498.64841079973
-92.67,44.3,3453.52997265892
-88.45,43.8,2703.29493654982
-88.55,44.04,2818.8974709501
-87.69,44.11,2462.44330509839
-88.72,44.37,2936.70268036896
-88.99,44.87,3022.59179970972
-87.95,44.91,2687.09164226294
-86.72,45.67,2292.57813549644
-88.09,45.79,2576.47573479153
-93.97,44.3,3244.6899139302
-93.59,44.8,3522.98616892911
-95.19,42.64,3398.84420868067
-94.84,43.42,2891.37447254696
-94.47,43.64,3339.04606971975
-94.17,43.77,3206.12354750513
-97.59,43.24,2336.34237867396
-96.67,43.3,2447.54975654291
-96.17,43.44,2886.25558783322
-97.79,43.66,2345.02053973979
-96.32,44.02,2586.50003417635
-98.99,42.54,2424.20492139439
-99.07,43.51,2185.56129528366
-100.7,43.89,1937.0287593985
-99.87,43.92,1942.18041695147
-99.07,44.07,2194.77543290043
-100.29,44.39,1979.14509569378
-100.42,44.46,1568.19184931072
-99.47,44.52,2237.96184464769
-97.52,44.02,2743.0980177717
-98.07,44.04,1977.07088174983
-97.74,44.89,2446.71960013671
-97.16,44.92,2495.89834537847
-93.3,45.89,3067.08510787093
-93.22,44.89,3064.46385850991
-93.19,44.67,3093.22261290643
-98.44,45.46,2369.47539302802
-99.14,45.04,2107.16060977649
-98.5,45.16,2363.86726714273
-99.64,45.79,2142.98243335612
-98.41,46.16,2284.36360218729
-104.2,44.94,1414.00883276061
-101.6,45.05,1762.63195488722
-104.54,45.89,1879.03714969241
-102.66,45.99,1753.37362244898
-102.87,46.55,1838.61723273928
-103.47,43.44,1736.29085782638
-104.22,43.86,1569.53701572689
-101.87,43.97,1702.60027065889
-103.29,44.12,1880.40143362271
-106.84,44.84,1220.37383099317
-110.59,43.86,1127.23806583996
-107.97,44.02,588.913034440324
-108.05,44.39,524.424837713329
-109.19,44.51,894.042498291183
-110.41,44.55,1348.76510578092
-111.1,44.66,1387.63694878743
-108.75,44.79,715.024666393744
-111.34,44.87,1669.27985355282
-110.7,44.97,1153.68711177246
-109.25,45.19,1273.79572795625
-110.57,45.49,1429.97663618901
-109.47,41.54,591.823649821746
-109.07,41.61,579.145030288863
-111.3,42.12,640.848530416952
-111.04,42.26,805.182025302702
-109.87,42.87,850.203641546315
-111.04,43.79,1358.50866430427
-108.47,43.07,618.935842813676
-108.94,43.24,747.63511619959
-108.69,43.26,649.189251537936
-109.64,43.57,779.557568126524
-107.45,45.61,1022.99472297357
-109.95,45.84,1342.58616490301
-108.25,45.92,1122.39100702712
-108.32,46.86,1264.37476076555
-117.34,42.94,451.176619199117
-115.92,43.61,416.788841421736
-116.69,43.67,354.345613981399
-114.35,43.69,671.502426520848
-117.25,43.99,379.07237616246
-116.94,44.09,306.556538216115
-114.24,44.51,651.304502004317
-116.69,44.57,551.556117566644
-116.29,44.97,853.831756319771
-120.37,42.22,475.946063449253
-120.54,42.71,494.425717703349
-118.84,43.29,445.667640530273
-117.82,44.84,655.567429938483
-117.89,45.22,741.540850945744
-120.19,45.24,553.861329460014
-119.55,45.37,507.984090909091
-118.82,45.49,558.818677375256
-119.27,45.82,291.847540370568
-123.37,43.22,447.878434723172
-124.25,43.42,728.575991114149
-123.32,43.67,603.492591311187
-123.07,43.79,707.415574036105
-121.29,44.07,455.363721804511
-122.12,44.19,1171.18427826057
-122.49,44.41,1265.47526576799
-124.05,44.64,1147.14857628926
-120.91,44.36,495.758193887429
-123.2,44.64,620.986181669463
-123.17,45.22,544.47267932146
-122.07,45.12,1247.93354734151
-122.16,45.46,1828.64578812188
-121.14,45.46,326.614234449761
-123.1,45.54,656.879517906543
-122.66,45.69,854.024380952381
-121.52,45.69,376.617676767677
-122.92,46.16,1094.18487519751
-67.84,46.21,2655.8787593985
-68,46.66,2753.772949419
-85.5,46.34,2376.72424242424
-90.94,44.97,3246.68939399956
-90.35,45.14,3264.19231032126
-91.89,45.82,3184.91069719754
-89.74,45.89,3080.83164730007
-90.19,46.47,3039.90647641832
-90.97,46.57,2921.42575757576
-88.62,46.05,2809.4738380041
-86.92,46.34,2399.85466507177
-86.67,46.42,2454.55570245922
-87.99,46.52,2712.76093341464
-92.52,46.71,3175.95126452495
-91.67,47.02,2949.58692754614
-92.57,47.47,3035.25729441446
-94.12,46.67,3022.76912166781
-93.32,46.8,3215.52539730882
-95.07,46.91,2980.57974489796
-93.59,47.26,3108.75022214627
-96.6,46.32,2453.02105642257
-95.85,46.84,3039.43402904473
-96.52,47.3,2650.88850777428
-97.07,47.46,2312.67211304469
-97.32,47.51,2522.95981275556
-97.09,47.94,2446.65828465161
-94.59,47.07,2976.04783725586
-95.2,47.22,2968.74138755981
-94.22,47.26,2941.05865876482
-94.05,47.44,2950.79765892003
-95.74,47.57,2914.49278015994
-94.62,48.72,2714.90125710004
-96.95,48.77,2162.15457618681
-95.74,48.86,2692.65404411765
-97.24,48.97,2356.53689336979
-98.69,46.89,2270.16241127327
-100.41,48.36,1977.94000203702
-97.42,48.42,2163.08731850235
-100.3,48.62,2107.79805194805
-98.34,48.76,2249.36840763796
-100.45,48.84,2304.33349452512
-100.67,46.05,1856.30430642872
-102.34,46.39,1686.29046274899
-99.77,46.51,2140.13513328777
-100.25,46.67,2063.12151239005
-100.91,46.8,2092.75078605605
-102.8,46.89,1952.35198757547
-102.32,46.89,1946.33750854409
-102.66,47.36,1975.40208472233
-104.35,47.46,1686.22863483559
-104.45,48.49,1706.13313397129
-103.3,48.91,1796.65951811347
-106.62,48.22,1408.55575871497
-106.91,47.32,1326.91742993848
-105.16,48.14,1504.42559542285
-107.74,48.41,1404.79645212747
-107.47,48.79,1528.99750231267
-112,46.61,1124.71847231716
-112.64,45.21,1082.31763499658
-111.95,45.3,1432.64707792208
-111.72,45.36,1091.72884483937
-111.64,45.49,1607.07505126452
-111.05,45.67,1480.81423444976
-112.95,46.14,1244.83365242872
-110.89,46.52,1314.07461084967
-113.91,45.19,812.158714969241
-114.16,46.26,938.794444444445
-113.3,46.32,1313.21115730112
-114.1,47.32,1249.06973797283
-115.35,47.39,1027.50031758864
-109.95,47.05,1668.83274094327
-112.25,48.32,1472.31896787423
-111.37,47.49,1359.8225393028
-111.72,47.22,1387.51848940533
-112.39,47.49,1342.27414559125
-112.17,47.82,1326.78743933677
-109.8,48.51,1360.31028597192
-109.24,48.59,1367.25317976809
-114.27,48.3,1286.4028708134
-115.54,48.41,972.447150946974
-112.37,48.61,1447.1053185438
-114.91,48.79,1364.19838157644
-120.72,45.49,312.038072453862
-120.82,45.82,352.125136093176
-120.55,46.97,319.553342434998
-120.95,47.19,471.812088362222
-120.32,47.42,325.986356415806
-117.02,46.39,653.612593984963
-115.55,46.11,1485.96751157839
-117.59,46.49,658.916187674776
-116.3,46.51,873.563482570062
-116.97,46.74,959.75977443609
-117.19,46.77,704.447026657553
-117.39,46.89,721.981737231066
-119.1,46.22,243.266369980247
-120,46.32,236.875837320574
-116.12,47.54,1259.76999281062
-117.54,47.64,595.967498291182
-116.82,47.77,1102.40426829268
-116.57,48.29,1226.4080181095
-118.37,47.12,400.718848257006
-118.7,47.32,353.06015037594
-118.14,47.66,523.734284504933
-118.67,47.76,556.621978263601
-116.84,48.36,1207.86464456596
-117.8,48.59,1160.55390538847
-117.79,48.92,1178.64820104788
-116.5,49.01,1094.6275974026
-117.54,45.57,782.751422114808
-118.42,45.96,530.781288448394
-118.29,46.11,713.337725076855
-118,46.32,585.123737373737
-120.07,47.66,478.901860630064
-120.72,48.36,563.917198811072
-120.19,48.47,577.460826716411
-119.75,48.55,639.540232233869
-123.89,46.16,1248.0247265892
-123.87,45.46,1612.10329801777
-124.04,46.37,1562.40939849624
-123.72,46.66,1544.86271360219
-122.95,46.72,965.016233766233
-123.82,46.97,1490.12928913192
-121.74,47.42,2727.62293951339
-121.85,47.55,1542.59919481435
-122.3,47.66,970.153296978755
-122.19,47.99,1192.18004101162
-124.37,47.96,2581.46383807806
-86.82,34.17,3382.75615682224
-86.05,34.69,3112.42793604324
-86.2,35.36,3400.58419877038
-75.87,39.27,3073.92797705903
-76.97,39.55,2883.55775510204
-77.27,39.8,2774.871017335
-76.75,39.92,2873.30097402597
-77.64,39.94,2813.70616399934
-76.85,40.22,2740.43079977311
-111.95,39.96,607.680232558139
-122.75,48.12,746.332194185154
-122.24,48.51,1501.56142724817
-122.8,48.62,847.439617136899
-122.52,48.72,1083.88441375323
-122.34,48.97,1526.54152236652
-122.75,49.01,1227.96952104499
-121.82,46.76,1855.52450444293
-122,47.17,1507.07303048698
-122.34,47.21,971.666736295733
-122.87,47.3,976.220938191427
-104.5,46.42,1462.34999825498
-105.87,46.44,1358.5008202324
-104.97,46.77,1322.43284969347
-104.72,47.11,1656.73472317157
-94.45,44.3,3128.12323991798
-94.94,44.72,2671.64651541287
-95.75,44.94,2743.22599111415
-95.94,45.14,2807.89533492823
-96.64,45.21,2507.91636291317
-95.89,45.59,2811.70681818182
-90.79,42.84,3177.35149708196
-91.16,43.04,3028.12674299385
-84.47,45.66,2274.1510722873
-75.49,43.8,2613.12599111415
-75.04,43.89,3341.1513697843
-75.87,43.97,2644.39649101389
-74.91,44.16,3136.66784005468
-75.12,44.57,2718.3255468216
-75.44,44.74,2387.52994537651
-74.66,44.76,2930.90237525632
-70.22,44.11,2481.50481886535
-69.79,44.22,2455.93542505688
-114.57,42.36,569.520518497191
-114.14,42.61,321.141453968254
-114.52,42.74,326.087679425837
-115.32,42.94,290.315041297308
-110.41,40.17,713.526913875598
-109.87,40.29,449.658171726979
-109.52,40.46,499.764183185236
-106.84,40.51,1159.18939638245
-106.82,41.46,733.997829447379
-104.95,42.12,1258.11565276828
-100.6,40.21,2277.65035377839
-99.89,39.02,2446.6545796309
-99.84,39.71,2264.34919685578
-99.32,39.74,2521.1643390426
-100.52,39.84,2331.16242274509
-99.84,40.14,2408.19258373206
-101.64,40.52,2144.69134313356
-101.69,42.92,2072.27205864052
-102.7,42.51,2013.62550650488
-97.17,40.16,3144.94675324675
-97.59,40.17,2812.34955570745
-96.75,40.3,3069.9216826672
-97.6,40.54,2795.08554340396
-97.59,40.64,2738.80087149693
-97.97,42.07,2647.32183868763
-97.27,42.61,2412.43973000683
-90.27,41.8,3128.75569036227
-89.97,41.82,3149.61697159179
-88.64,40.89,2910.97180923463
-88.92,41.34,2636.57204374573
-87.29,41.55,2957.51476048772
-86.67,40.62,3142.64935064935
-87.16,40.94,3000.30914475614
-86.59,41.02,3009.23852512139
-87.09,41.26,3402.83191672826
-85.77,38.71,3193.62753384928
-85.41,38.74,3144.54455915079
-85.07,38.76,3061.16296150024
-85.91,38.99,3256.66645591251
-85.92,39.21,2911.21071428571
-74.97,42.52,2839.90669614304
-74.92,42.71,2884.69978581445
-75.66,42.86,2824.94949795114
-74.87,43.04,3091.3583168402
-74.87,43.07,3069.26768775806
-75.2,43.09,2948.19784640743
-72.32,42.96,2733.77451399578
-72.6,43.39,2906.23125427204
-71.42,42.29,2713.16309224204
-71.69,42.41,3006.32273702274
-71.29,42.49,2693.23525290499
-71.17,42.71,2518.46694962612
-72.54,42.39,2936.06373889269
-71.12,42.22,2767.58882433356
-70.7,41.99,2801.02053518509
-70.19,42.05,2241.16153999138
-120.95,39.11,227.265135014564
-121.6,39.16,92.6544740833259
-120.67,38.34,163.788708361154
-120.64,39.32,502.332993486705
-122.27,37.87,77.5383088063536
-121.77,37.67,47.9445745101276
-122.66,38.27,75.0706314818515
-122.27,38.29,85.9606117566644
-121.95,38.41,55.3938985070442
-122.7,38.46,104.94963357215
-122.87,38.62,112.623045214479
-109.55,37.29,444.594806754146
-107.89,37.29,1274.79207317073
-109.49,37.62,790.767854007055
-107.14,37.77,1362.97307286167
-107.87,37.96,1526.2480177717
-101.25,37.94,2110.84393939394
-103.22,38.07,1388.52711964663
-102.62,38.09,1750.71322624744
-102.79,38.49,1772.46247544946
-105.29,39.22,1754.82887439756
-103.8,40.22,1431.0803666961
-105.09,40.59,1303.12423103213
-99.34,37.27,2605.71373889269
-99.1,38.19,2794.86661695188
-94.89,36.89,2943.06092612484
-96.19,37.14,2848.02771701982
-94.85,37.17,2986.04581396084
-95.7,37.26,3294.21015329005
-94.7,37.86,3533.04689527532
-97.67,38.39,2999.53538961039
-98.24,38.72,2639.99581475397
-92.27,37.16,2871.3518455229
-92.66,37.67,2817.0724709501
-91.77,37.96,3221.38150177052
-93.37,38.26,3224.85618411297
-93.42,38.97,3191.97066738777
-93.87,39.21,3479.73609968851
-93.12,39.42,3185.45988253493
-91.19,39.37,2709.13904500937
-90.39,39.44,2634.46163704716
-90.74,39.72,2738.55599331951
-90.2,39.74,2973.08831943108
-91.89,39.97,2941.34802655129
-90.55,40.12,3202.95691804434
-89.41,40.16,3088.52060246262
-88.6,39.44,2719.93156323197
-89.02,39.84,2923.73307697035
-76.67,38.69,3155.78589900116
-76.8,38.97,3193.10023923445
-75.59,38.37,3331.28865345181
-75.59,38.84,3169.37473212791
-75.47,38.91,3302.30120739571
-76.7,37.3,3675.6471975393
-116.87,36.47,73.6467615913979
-106.1,32.39,1325.14427814532
-106.89,34.09,1016.52070707071
-109.54,36.16,710.096468357431
-108,36.84,645.446496924128
-102.74,34.24,2003.39904964425
-104.25,34.47,1704.62886302202
-98.7,35.52,2211.44733350509
-99.41,35.61,1936.2013856233
-98.32,36.12,2304.66520847574
-99.17,36.24,2119.03033910534
-99.62,36.84,2521.78561175667
-97.84,36.11,2483.92824675325
-97.1,36.12,2685.86765208476
-97.3,36.29,2890.36409774436
-97.87,36.42,2814.52222986301
-97.8,36.72,2846.38409090909
-97.05,36.89,3289.23662599284
-96.3,35.44,2898.90275408285
-95.2,35.49,2644.41202942627
-96.02,35.62,2739.04998369211
-95.34,35.77,2732.86831112712
-94.97,35.94,3067.6920131564
-97.16,34.21,2251.15183617701
-97.29,34.74,2337.15498974709
-96.69,34.79,2632.86797676008
-89.67,36.21,2841.47580314423
-89.97,37.3,2973.68579972659
-90.41,37.79,2879.22911825017
-87.85,36.49,2874.22418781187
-87.37,36.55,2850.39913466362
-87.5,36.84,2874.45704221148
-78.99,34.62,4400.43879134589
-78.87,35.07,3950.81911954141
-77.97,35.34,3887.28492800667
-76.62,36.05,4025.66573820916
-78.02,34.01,4844.42756914027
-119.66,36.3,25.5332877648667
-116.27,33.74,94.9056399728428
-112.87,32.37,718.381746810598
-102.87,30.89,1207.27079206232
-104.69,34.96,1729.83358585858
-103.34,35.12,2041.31351674641
-103.69,35.21,1905.7494531784
-104.1,35.54,1844.55489390291
-105.85,32.96,2004.67907426294
-106.05,33.09,1073.98780063489
-105.89,33.64,1424.31549897471
-106.74,32.62,1230.6718375628
-100.92,32.72,1810.24580650379
-96.47,32.09,1822.7956254272
-95.04,33.64,2298.33687630366
-93.39,33.8,2753.30726247437
-91.72,32.11,2920.7261619959
-92.34,32.52,2855.02840054682
-91.91,32.79,2967.33827274512
-92.47,31.32,3374.39419002051
-91.39,31.55,3273.69969455831
-92.04,30.44,4093.57546138072
-92.17,30.95,3435.86802802461
-91.24,31.11,3989.3003417635
-88.79,33.47,2978.24199542065
-88.41,33.52,3251.01085099112
-88.52,33.84,2952.32879130544
-89,34.16,3130.6417027417
-89.64,34.17,2990.25227272727
-89.54,34.39,2944.60673235037
-87.2,30.47,5248.13194285714
-87.05,31.07,4873.42969924812
-86.07,30.74,5617.09549240379
-81.92,31.94,4082.97847931007
-83.44,30.54,4654.03773574193
-83.59,30.8,4443.91663317127
-80.35,33.94,3946.747265892
-80.66,34.26,3522.47391786903
-79.89,34.3,3788.0000683527
-80.59,34.55,3467.18782281059
-79.25,33.36,4987.41641414141
-79.05,33.84,4649.49665302967
-80.87,33.51,3900.4148952381
-79.82,33.66,4142.82734730056
-80.82,28.62,5588.92205281555
-80.35,27.47,4693.60664730007
-81.87,26.61,7133.65618542053
-81.85,27.24,6609.10897014294
-81.85,27.9,5882.90979152427
-70.53,50.63,3888.58796895213
-71.05,50.73,3311.03635948514
-73.88,50.42,3414.80035516201
-77.7,53.63,2465.03470437018
-78.52,52.25,2717.0635359116
-79,53.83,1305.86096574691
-114.4,29.4,173.107814717517
-115.2,30,102.939989506821
-115,29.9,188.138614156339
-114.7,29.7,126.431034482759
-114.2,28.9,64.0732665150474
-111.7,29.8,573.56976744186
-110.18,29.72,2839.80769230769
-109.7,29.8,2709.57056533686
-118.32,29.17,10.7568395188499
-110.97,29.07,1703.12651900133
-110.05,29.07,1559.84186746988
-110.7,29.2,2088.26701177256
-109.68,29.18,3900.38461538461
-110.4,29.43,3944.4537815126
-110.9,29.1,1549.52845827209
-109.7,29,2890.37872699605
-110.1,29,3209.184539033
-110.6,29.9,2763.61716196967
-111.5,28.7,955.352256115388
-111.7,29.1,615.91561338984
-111.7,28.8,631.469979566623
-107.8,29,2768.30592290144
-109.2,28.9,3370.8122771836
-108.97,28.32,3305.66381156318
-109.2,29.1,3133.32766166977
-108.8,28.7,2697.629833948
-107.3,28.8,2605.83932257714
-107.6,27.8,3620.44320530486
-107.5,28.6,2982.45831954099
-108,28.8,2460.37100840336
-107.7,28.8,2995.56222780695
-106.1,28.6,2301.74543835877
-105.5,28.2,1582.49711900877
-112.5,26.3,190.822383498854
-112.9,27.3,283.572600241013
-112.7,26.5,230.073340022353
-114.9,27.7,57.5615474794842
-113.4,28,210.571549773756
-113.9,28.3,115.517983375369
-113.8,28.8,118.414370940108
-113.8,28.6,163.605481693598
-113.1,28.1,88.1326170891388
-113.6,28.9,51.149422365049
-112.9,28.3,238.885151712961
-110.9,27.92,919.959256163811
-109.6,28.4,3147.15119920767
-109.63,26.92,2357.30769230769
-109.3,28.1,3370.69396607676
-109.7,28.6,4784.93747166917
-109.2,27.2,3433.75855279038
-109.3,27.5,3817.15706261844
-109.82,27.17,1743.84615384615
-109.9,27.8,2376.19476055002
-109.4,27.2,2959.09465240642
-109.6,28.6,3781.26413127024
-109.2,28.4,3823.80644554518
-109.1,27.2,3204.46116611259
-108.3,26.7,4325.72059202059
-108.9,27,4297.62983193277
-109,27.1,4293.06621255653
-108.85,27.4,6215.11852926946
-108.6,26.4,3444.16591373817
-108.6,26.53,6124.9696969697
-108.4,26.9,4797.80491205491
-108.5,26.4,4532.69892473118
-108,25.9,5994.59069069069
-107.7,27,3695.38472480578
-108.5,27.4,6096.06406285845
-107,26.1,6274.14960173934
-107.2,27.3,3455.61977790713
-105.4,27.6,1819.8704362257
-105.7,26.9,3518.9212102447
-106.4,27,3150.83050209144
-105.78,25.35,2863.91689158794
-106,25.9,3733.4996650802
-103.7,24.9,2589.47431737712
-99.6,24.9,3094.41299193931
-111.1,24.9,997.735255498413
-111.1,24.8,926.79688261995
-111.3,24.9,970.396916032219
-111.7,24.8,244.604218707553
-110.42,24.17,592.931881923444
-109.8,23.3,2028.14902895755
-110.2,23.9,1771.74450158661
-110.4,24.1,1312.67434669858
-111,24.5,780.699268774966
-109.9,23.7,1041.87309140502
-109.8,23.1,1663.59480479079
-110.1,23.3,776.931470944039
-109.7,23.1,873.084965532334
-110.3,23.9,1535.45651673916
-110,23.5,1694.60116746559
-109.7,23.5,1181.92911869362
-110.2,23.5,684.623428290766
-107.4,24.8,3678.07230571847
-107.4,24.82,4758.7192463407
-107.6,25.4,6027.84034749035
-106.7,24.4,5819.2664894779
-107.9,25.5,4027.27285030962
-107.4,24.9,4022.53781512605
-107.1,24.8,5115.79758048795
-108.1,25.5,3467.12705312074
-104.7,24,2771.85247237957
-104.67,24.03,2546.59264524891
-104.8,24.5,3293.5181926063
-104.3,24.4,3816.03906061989
-104,24.5,3056.96731320473
-106.4,23.2,3501.94759488533
-103.6,24.3,2859.58397089305
-103,24,2150.60657947284
-99.2,23.7,3677.41875478718
-99.1,24.1,2570.60433307802
-98.8,25,2229.00739546733
-99.4,24.3,2932.10204901567
-98.8,24,2109.26835539993
-99.5,24.5,3764.02691760587
-98.2,24.9,2556.642252153
-101.1,23.1,1768.70259690663
-120.3,34.8,22.6797373358349
